ISO,NAME_0,ID_1,NAME_1,HASC_1,RISK,AT_2007,AT_2008,AT_2009,AT_2010,AT_2011,AT_2012,AT_2013,AT_2014,AT_2015,AT_2016,AT_2017
BFA,Burkina Faso,1,Boucle du Mouhoun,BF-01,5.3,,,,,,,,,,,10
BFA,Burkina Faso,2,Cascades,BF-02,4.1,,,,,,,,,,,5
BFA,Burkina Faso,7,Centre,BF-03,4.4,,,,,,,,,,,49
BFA,Burkina Faso,3,Centre-Est,BF-04,4.8,,,,,,,,,,,11
BFA,Burkina Faso,4,Centre-Nord,BF-05,5.2,,,,,,,,,,,6
BFA,Burkina Faso,5,Centre-Ouest,BF-06,4.8,,,,,,,,,,,9
BFA,Burkina Faso,6,Centre-Sud,BF-07,5.2,,,,,,,,,,,6
BFA,Burkina Faso,8,Est,BF-08,5.4,,,,,,,,,,,14
BFA,Burkina Faso,9,Haut-Bassins,BF-09,4.6,,,,,,,,,,,6
BFA,Burkina Faso,10,Nord,BF-10,5,,,,,,,,,,,8
BFA,Burkina Faso,11,Plateau-Central,BF-11,5,,,,,,,,,,,2
BFA,Burkina Faso,12,Sahel,BF-12,5.9,,,,,,,,,,,82
BFA,Burkina Faso,13,Sud-Ouest,BF-13,4.4,,,,,,,,,,,1
CMR,Cameroon,1,Adamaoua,CM-01,5.7,,,,,,,,,,,2
CMR,Cameroon,2,Centre,CM-02,4.5,,,,,,,,,,,10
CMR,Cameroon,3,Est,CM-03,5.9,,,,,,,,,,,3
CMR,Cameroon,4,Extreme-Nord,CM-04,7.2,,,,,,,,,,,145
CMR,Cameroon,5,Littoral,CM-05,4.4,,,,,,,,,,,5
CMR,Cameroon,7,Nord,CM-06,5.8,,,,,,,,,,,2
CMR,Cameroon,6,Nord-Ouest,CM-07,4.6,,,,,,,,,,,43
CMR,Cameroon,8,Ouest,CM-08,4.4,,,,,,,,,,,5
CMR,Cameroon,10,Sud,CM-09,4.6,,,,,,,,,,,1
CMR,Cameroon,9,Sud-Ouest,CM-10,4.4,,,,,,,,,,,38
DJI,Djibouti,1,Ali Sabieh,DJ-01,3.75,,,,,,,,,,,0
DJI,Djibouti,2,Dikhil,DJ-02,4.32,,,,,,,,,,,0
DJI,Djibouti,3,Djibouti,DJ-03,5.4,,,,,,,,,,,2
DJI,Djibouti,4,Obock,DJ-04,4.03,,,,,,,,,,,0
DJI,Djibouti,5,Tadjourah,DJ-05,3.84,,,,,,,,,,,2
ERI,Eritrea,1,Anseba,ER-01,4.16,,,,,,,,,,,3
ERI,Eritrea,2,Debubawi Keyih Bahri,ER-02,3.38,,,,,,,,,,,1
ERI,Eritrea,3,Debub,ER-03,4.93,,,,,,,,,,,0
ERI,Eritrea,4,Gash Barka,ER-04,3.76,,,,,,,,,,,0
ERI,Eritrea,5,Maekel,ER-05,2.6,,,,,,,,,,,3
ERI,Eritrea,6,Semenawi Keyih Bahri,ER-06,4.8,,,,,,,,,,,0
ETH,Ethiopia,1,Addis Abeba,ET-01,4.38,,,,,,,,,,,25
ETH,Ethiopia,2,Afar,ET-02,7.07,,,,,,,,,,,18
ETH,Ethiopia,3,Amhara,ET-03,6.28,,,,,,,,,,,74
ETH,Ethiopia,4,Benshangul-Gumaz,ET-04,5.47,,,,,,,,,,,10
ETH,Ethiopia,5,Dire Dawa,ET-05,5,,,,,,,,,,,3
ETH,Ethiopia,6,Gambela Peoples,ET-06,6.71,,,,,,,,,,,37
ETH,Ethiopia,7,Harari People,ET-07,5.23,,,,,,,,,,,1
ETH,Ethiopia,8,Oromia,ET-08,6.66,,,,,,,,,,,331
ETH,Ethiopia,10,"Southern Nations, Nationalities and Peoples",ET-09,6.18,,,,,,,,,,,8
ETH,Ethiopia,9,Somali,ET-10,7.34,,,,,,,,,,,18
ETH,Ethiopia,11,Tigray,ET-11,6.08,,,,,,,,,,,8
GMB,Gambia,1,Banjul,GM-01,3.5,,,,,,,,,,,24
GMB,Gambia,2,Lower River,GM-02,4.7,,,,,,,,,,,0
GMB,Gambia,3,Maccarthy Island,GM-03,3.8,,,,,,,,,,,2
GMB,Gambia,4,North Bank,GM-04,3.8,,,,,,,,,,,3
GMB,Gambia,5,Upper River,GM-05,2.9,,,,,,,,,,,1
GMB,Gambia,6,Western,GM-06,3.5,,,,,,,,,,,11
MLI,Mali,1,Bamako,ML-01,5.3,,,,,,,,,,,22
MLI,Mali,2,Gao,ML-02,6.9,,,,,,,,,,,117
MLI,Mali,3,Kayes,ML-03,5.7,,,,,,,,,,,1
MLI,Mali,4,Kidal,ML-04,6,,,,,,,,,,,84
MLI,Mali,5,Koulikoro,ML-05,5.9,,,,,,,,,,,6
MLI,Mali,6,Mopti,ML-06,6.8,,,,,,,,,,,136
MLI,Mali,7,Seguo,ML-07,6.7,,,,,,,,,,,38
MLI,Mali,8,Sikasso,ML-08,5.3,,,,,,,,,,,2
MLI,Mali,9,Timbuktu,ML-09,6.8,,,,,,,,,,,65
MRT,Mauritania,1,Adrar,MR-01,4,,,,,,,,,,,0
MRT,Mauritania,2,Assaba,MR-02,5.3,,,,,,,,,,,1
MRT,Mauritania,3,Brakna,MR-03,4.8,,,,,,,,,,,0
MRT,Mauritania,4,Dakhlet Nouadhibou,MR-04,3.4,,,,,,,,,,,0
MRT,Mauritania,5,Gorgol,MR-05,5.3,,,,,,,,,,,1
MRT,Mauritania,6,Guidimaka,MR-06,5.4,,,,,,,,,,,0
MRT,Mauritania,7,Hodh ech Chargui,MR-07,5.3,,,,,,,,,,,1
MRT,Mauritania,8,Hodh el Gharbi,MR-08,4.8,,,,,,,,,,,0
MRT,Mauritania,9,Inchiri,MR-09,3.7,,,,,,,,,,,0
MRT,Mauritania,10,Nouakchott,MR-10,4.2,,,,,,,,,,,3
MRT,Mauritania,11,Tagant,MR-11,4.4,,,,,,,,,,,2
MRT,Mauritania,12,Tiris Zemmour,MR-12,3.6,,,,,,,,,,,2
MRT,Mauritania,13,Trarza,MR-13,4.2,,,,,,,,,,,1
NER,Niger,1,Agadez,NE-01,5.6,,,,,,,,,,,5
NER,Niger,2,Diffa,NE-02,7.9,,,,,,,,,,,19
NER,Niger,3,Dosso,NE-03,5.6,,,,,,,,,,,1
NER,Niger,4,Maradi,NE-04,5.9,,,,,,,,,,,1
NER,Niger,5,Niamey,"NE-05	",5.5,,,,,,,,,,,13
NER,Niger,6,Tahoua,NE-06,6.5,,,,,,,,,,,1
NER,Niger,7,Tillabery,NE-07,6.6,,,,,,,,,,,17
NER,Niger,8,Zinder,NE-08,5.8,,,,,,,,,,,0
NGA,Nigeria,1,Abia,NG-01,5.2,,,,,,,,,,,22
NGA,Nigeria,2,Adamawa,NG-02,6.9,,,,,,,,,,,47
NGA,Nigeria,3,Akwa Ibom,NG-03,5.4,,,,,,,,,,,32
NGA,Nigeria,4,Anambra,NG-04,5.1,,,,,,,,,,,36
NGA,Nigeria,5,Bauchi,NG-05,6.9,,,,,,,,,,,7
NGA,Nigeria,6,Bayelsa,NG-06,5.2,,,,,,,,,,,61
NGA,Nigeria,7,Benue,NG-07,6.3,,,,,,,,,,,70
NGA,Nigeria,8,Borno,NG-08,8.1,,,,,,,,,,,376
NGA,Nigeria,9,Cross River,NG-09,5.6,,,,,,,,,,,52
NGA,Nigeria,10,Delta,NG-10,5.1,,,,,,,,,,,91
NGA,Nigeria,11,Ebonyi,NG-11,5.6,,,,,,,,,,,15
NGA,Nigeria,12,Edo,NG-12,5,,,,,,,,,,,42
NGA,Nigeria,13,Ekiti,NG-13,5.1,,,,,,,,,,,30
NGA,Nigeria,14,Enugu,NG-14,5.3,,,,,,,,,,,24
NGA,Nigeria,15,Federal Capital Territory,NG-15,5.2,,,,,,,,,,,116
NGA,Nigeria,16,Gombe,NG-16,6.3,,,,,,,,,,,6
NGA,Nigeria,17,Imo,NG-17,4.9,,,,,,,,,,,20
NGA,Nigeria,18,Jigawa,NG-18,6.5,,,,,,,,,,,8
NGA,Nigeria,19,Kaduna,NG-19,6,,,,,,,,,,,62
NGA,Nigeria,20,Kano,NG-20,6.2,,,,,,,,,,,17
NGA,Nigeria,21,Katsina,NG-21,6.3,,,,,,,,,,,9
NGA,Nigeria,22,Kebbi,NG-22,6.3,,,,,,,,,,,5
NGA,Nigeria,23,Kogi,NG-23,5.4,,,,,,,,,,,31
NGA,Nigeria,24,Kwara,NG-24,4.9,,,,,,,,,,,15
NGA,Nigeria,25,Lagos,NG-25,4.9,,,,,,,,,,,119
NGA,Nigeria,26,Nassarawa,NG-26,5.7,,,,,,,,,,,6
NGA,Nigeria,27,Niger,NG-27,5.8,,,,,,,,,,,18
NGA,Nigeria,28,Ogun,NG-28,5.2,,,,,,,,,,,21
NGA,Nigeria,29,Ondo,NG-29,5.4,,,,,,,,,,,41
NGA,Nigeria,30,Osun,NG-30,4.9,,,,,,,,,,,41
NGA,Nigeria,31,Oyo,NG-31,5,,,,,,,,,,,29
NGA,Nigeria,32,Plateau,NG-32,5.6,,,,,,,,,,,43
NGA,Nigeria,33,Rivers,NG-33,5.5,,,,,,,,,,,59
NGA,Nigeria,34,Sokoto,NG-34,6.4,,,,,,,,,,,3
NGA,Nigeria,35,Taraba,NG-35,6.9,,,,,,,,,,,34
NGA,Nigeria,36,Yobe,NG-36,7.6,,,,,,,,,,,22
NGA,Nigeria,37,Zamfara,NG-37,6.6,,,,,,,,,,,5
SDN,Sudan,17,West Kurdufan,SD-00,0,,,,,,,,,,,57
SDN,Sudan,10,Northern,SD-01,5.73,,,,,,,,,,,23
SDN,Sudan,8,North Darfur,SD-02,7.62,,,,,,,,,,,200
SDN,Sudan,7,Khartoum,SD-03,6.22,,,,,,,,,,,101
SDN,Sudan,12,River Nile,SD-04,5.31,,,,,,,,,,,3
SDN,Sudan,6,Kassala,SD-05,6.99,,,,,,,,,,,10
SDN,Sudan,2,Al Qadarif,SD-06,5.65,,,,,,,,,,,7
SDN,Sudan,1,Al Jazirah,SD-07,5.49,,,,,,,,,,,6
SDN,Sudan,18,White Nile,SD-08,5.77,,,,,,,,,,,10
SDN,Sudan,9,North Kurdufan,SD-09,6.47,,,,,,,,,,,7
SDN,Sudan,3,Blue Nile,SD-10,7.72,,,,,,,,,,,22
SDN,Sudan,14,South Darfur,SD-11,7.83,,,,,,,,,,,104
SDN,Sudan,16,West Darfur,SD-12,7.55,,,,,,,,,,,44
SDN,Sudan,15,South Kurdufan,SD-13,7.07,,,,,,,,,,,43
SDN,Sudan,4,Central Darfur,SD-14,5.74,,,,,,,,,,,129
SDN,Sudan,5,East Darfur,SD-15,6.04,,,,,,,,,,,41
SDN,Sudan,13,Sennar,SD-16,7.72,,,,,,,,,,,5
SDN,Sudan,11,Red Sea,SD-17,7.16,,,,,,,,,,,11
SEN,Senegal,1,Dakar,SN-01,3.8,,,,,,,,,,,10
SEN,Senegal,2,Diourbel,SN-02,4.5,,,,,,,,,,,2
SEN,Senegal,3,Fatick,SN-03,4.6,,,,,,,,,,,2
SEN,Senegal,5,Kaffrine,SN-04,4.5,,,,,,,,,,,0
SEN,Senegal,6,Kaolack,SN-05,4.4,,,,,,,,,,,2
SEN,Senegal,4,Kedoudou,SN-06,4.7,,,,,,,,,,,1
SEN,Senegal,7,Kolda,SN-07,5,,,,,,,,,,,3
SEN,Senegal,8,Louga,SN-08,4.5,,,,,,,,,,,2
SEN,Senegal,9,Matam,SN-09,5.3,,,,,,,,,,,2
SEN,Senegal,11,Saint-Louis,SN-10,5.1,,,,,,,,,,,1
SEN,Senegal,10,Sedhiou,SN-11,5.4,,,,,,,,,,,5
SEN,Senegal,12,Tambacounda,SN-12,4.9,,,,,,,,,,,0
SEN,Senegal,13,Thies,SN-13,3.8,,,,,,,,,,,1
SEN,Senegal,14,Ziguinchor,SN-14,4.9,,,,,,,,,,,4
SOM,Somalia,1,Awdal,SO-01,7,,,,,,,,,,,17
SOM,Somalia,2,Bakool,SO-02,7.99,,,,,,,,,,,83
SOM,Somalia,3,Banaadir,SO-03,8.38,,,,,,,,,,,446
SOM,Somalia,4,Bari,SO-04,7.31,,,,,,,,,,,185
SOM,Somalia,5,Bay,SO-05,8.09,,,,,,,,,,,210
SOM,Somalia,6,Galguduud,SO-06,7.28,,,,,,,,,,,87
SOM,Somalia,7,Gedo,SO-07,8,,,,,,,,,,,164
SOM,Somalia,8,Hiiraan,SO-08,8.09,,,,,,,,,,,225
SOM,Somalia,9,Jubbada Dhexe,SO-09,8.35,,,,,,,,,,,14
SOM,Somalia,10,Jubbada Hoose,SO-10,8.35,,,,,,,,,,,198
SOM,Somalia,11,Mudug,SO-11,7.29,,,,,,,,,,,138
SOM,Somalia,12,Nugaal,SO-12,6.92,,,,,,,,,,,36
SOM,Somalia,13,Sanaag,SO-13,6.86,,,,,,,,,,,34
SOM,Somalia,14,Shabeellaha Dhexe,SO-14,7.88,,,,,,,,,,,197
SOM,Somalia,15,Shabeellaha Hoose,SO-15,8.3,,,,,,,,,,,699
SOM,Somalia,16,Sool,SO-16,7.2,,,,,,,,,,,49
SOM,Somalia,17,Togdheer,SO-17,7.17,,,,,,,,,,,60
SOM,Somalia,18,Woqooyi Galbeed,SO-18,6.93,,,,,,,,,,,54
SSD,South Sudan,1,Central Equatoria,SS-01,7.49,,,,,,,,,,,298
SSD,South Sudan,2,Eastern Equatoria,SS-02,6.71,,,,,,,,,,,85
SSD,South Sudan,3,Jungoli,SS-03,8.05,,,,,,,,,,,161
SSD,South Sudan,4,Lakes,SS-04,7.83,,,,,,,,,,,76
SSD,South Sudan,5,North Bahr-al-Ghazal,SS-05,7.41,,,,,,,,,,,29
SSD,South Sudan,6,Unity,SS-06,8.39,,,,,,,,,,,117
SSD,South Sudan,7,Upper Nile,SS-07,8.35,,,,,,,,,,,188
SSD,South Sudan,8,Warap,SS-08,7.37,,,,,,,,,,,92
SSD,South Sudan,9,West Bahr-al-Ghazal,SS-09,7.25,,,,,,,,,,,29
SSD,South Sudan,10,West Equatoria,SS-10,5.99,,,,,,,,,,,96
TCD,Chad,1,Barh el Ghazel,TD-01,6.1,,,,,,,,,,,0
TCD,Chad,2,Batha,TD-02,6,,,,,,,,,,,0
TCD,Chad,3,Borkou,TD-03,5.4,,,,,,,,,,,0
TCD,Chad,4,Chari-Baguirmi,TD-04,5.4,,,,,,,,,,,0
TCD,Chad,5,Ennedi Est,TD-05,5.8,,,,,,,,,,,0
TCD,Chad,6,Ennedi Ouest,TD-06,5.6,,,,,,,,,,,1
TCD,Chad,7,Gu��ra,TD-07,5.6,,,,,,,,,,,1
TCD,Chad,8,Hadjer-Lamis,TD-08,6.2,,,,,,,,,,,1
TCD,Chad,9,Kanem,TD-09,6.3,,,,,,,,,,,0
TCD,Chad,10,Lac,TD-10,7.3,,,,,,,,,,,4
TCD,Chad,11,Logone Occidental,TD-11,5.6,,,,,,,,,,,3
TCD,Chad,12,Logone Oriental,TD-12,6.4,,,,,,,,,,,1
TCD,Chad,13,Mandoul,TD-13,5.9,,,,,,,,,,,0
TCD,Chad,14,Mayo-Kebbi Est,TD-14,5.7,,,,,,,,,,,0
TCD,Chad,15,Mayo-Kebbi Ouest,TD-15,5.4,,,,,,,,,,,0
TCD,Chad,16,Moyen-Chari,TD-16,6.3,,,,,,,,,,,0
TCD,Chad,17,Ouaddai,TD-17,6.6,,,,,,,,,,,1
TCD,Chad,18,Salamat,TD-18,6.7,,,,,,,,,,,2
TCD,Chad,19,Sila,TD-19,6.8,,,,,,,,,,,0
TCD,Chad,20,Tandijile,TD-20,5.4,,,,,,,,,,,0
TCD,Chad,21,Tibesti,TD-21,6,,,,,,,,,,,4
TCD,Chad,22,Ville de N'Djamena,TD-22,6.3,,,,,,,,,,,8
TCD,Chad,23,Wadi Fira,TD-23,6.7,,,,,,,,,,,1